username,ip,datetime
user99,192.73.170.133,2026-01-27T01:00:00
user27,88.108.107.217,2026-01-30T22:27:00
user91,187.73.85.250,2026-01-02T22:41:00
user79,79.239.1.196,2026-01-28T01:41:00
user77,117.161.40.147,2026-01-14T13:44:00
user27,95.87.156.1,2026-01-16T07:37:00
user47,231.236.24.62,2026-01-03T20:43:00
user3,228.154.38.199,2026-01-18T10:32:00
user71,246.178.81.99,2026-01-06T21:46:00
user55,231.85.209.157,2026-01-30T22:01:00
user81,134.178.171.144,2026-01-08T14:09:00
user91,61.113.214.30,2026-01-29T15:02:00
user92,30.216.4.252,2026-01-30T15:34:00
user9,224.245.179.160,2026-01-01T23:21:00
user26,52.134.223.242,2026-01-19T12:28:00
user89,125.214.156.138,2026-01-20T02:42:00
user13,63.149.237.182,2026-01-06T19:04:00
user17,143.70.211.162,2026-01-10T17:33:00
user37,163.37.67.251,2026-01-30T17:10:00
user67,122.79.75.208,2026-01-27T23:45:00
user27,218.66.160.116,2026-01-30T17:24:00
user42,140.254.167.130,2026-01-24T12:22:00
user90,205.214.233.249,2026-01-22T23:27:00
user52,90.117.51.252,2026-01-26T16:34:00
user98,182.116.107.203,2026-01-22T11:03:00
user44,88.77.132.159,2026-01-08T02:04:00
user98,115.48.253.138,2026-01-20T01:19:00
user39,12.194.133.29,2026-01-24T03:06:00
user83,15.51.94.163,2026-01-28T16:30:00
user80,168.4.160.51,2026-01-09T04:27:00
user85,46.143.73.31,2026-01-19T22:57:00
user23,205.212.234.118,2026-01-03T03:02:00
user83,33.161.66.251,2026-01-28T23:40:00
user72,113.250.85.192,2026-01-30T11:39:00
user46,84.208.221.7,2026-01-21T20:37:00
user100,103.117.53.146,2026-01-06T17:22:00
user53,116.247.107.215,2026-01-29T06:16:00
user63,32.199.209.110,2026-01-22T15:01:00
user3,66.122.175.93,2026-01-03T10:42:00
user53,97.227.173.152,2026-01-19T02:21:00
user10,100.8.151.91,2026-01-16T09:44:00
user43,88.217.48.62,2026-01-22T14:04:00
user39,56.254.13.110,2026-01-08T03:47:00
user45,220.129.196.180,2026-01-17T11:30:00
user51,240.208.192.125,2026-01-08T13:32:00
user30,207.228.114.137,2026-01-24T16:10:00
user32,54.71.111.209,2026-01-08T15:41:00
user62,219.48.97.8,2026-01-29T00:46:00
user45,30.162.250.141,2026-01-16T20:49:00
user13,182.2.84.68,2026-01-06T15:26:00
user20,35.198.128.127,2026-01-30T02:42:00
user5,136.109.180.210,2026-01-05T09:13:00
user6,114.156.46.73,2026-01-26T06:11:00
user12,252.225.172.215,2026-01-10T19:29:00
user60,31.132.182.165,2026-01-17T15:34:00
user29,153.85.9.88,2026-01-20T05:28:00
user81,129.223.169.191,2026-01-22T06:36:00
user46,216.3.111.64,2026-01-11T20:01:00
user2,10.131.197.45,2026-01-16T15:00:00
user37,248.113.124.134,2026-01-21T09:22:00
user16,181.104.37.240,2026-01-18T20:48:00
user93,204.140.236.178,2026-01-22T16:16:00
user34,220.166.84.66,2026-01-08T09:46:00
user26,20.78.192.91,2026-01-20T05:33:00
user21,208.159.80.19,2026-01-19T21:23:00
user77,254.122.2.17,2026-01-25T05:29:00
user28,89.81.133.217,2026-01-28T10:34:00
user97,13.215.195.252,2026-01-16T00:21:00
user2,77.243.148.187,2026-01-14T19:57:00
user36,7.232.62.173,2026-01-11T08:50:00
user54,153.54.201.191,2026-01-27T16:37:00
user100,194.1.46.40,2026-01-06T17:42:00
user59,128.228.86.196,2026-01-22T20:09:00
user21,78.227.186.168,2026-01-22T20:05:00
user42,46.1.56.149,2026-01-27T07:58:00
user94,7.33.9.176,2026-01-29T17:30:00
user89,145.169.201.93,2026-01-15T06:45:00
user13,140.65.0.35,2026-01-10T19:54:00
user89,12.211.226.217,2026-01-26T13:03:00
user8,133.201.2.232,2026-01-11T11:16:00
user80,72.212.36.37,2026-01-17T16:32:00
user7,137.10.76.19,2026-01-16T12:13:00
user75,140.128.225.233,2026-01-09T18:11:00
user55,188.36.109.167,2026-01-18T06:10:00
user5,187.67.128.123,2026-01-19T19:50:00
user17,44.85.126.236,2026-01-13T11:58:00
user83,222.115.14.132,2026-01-03T15:52:00
user12,155.52.217.121,2026-01-10T06:55:00
user88,233.38.246.96,2026-01-17T17:26:00
user71,207.84.73.91,2026-01-09T07:10:00
user46,100.19.185.58,2026-01-16T05:11:00
user36,9.13.210.129,2026-01-03T03:02:00
user57,64.121.169.198,2026-01-10T02:42:00
user84,123.43.96.36,2026-01-03T11:09:00
user46,233.23.49.233,2026-01-27T19:12:00
user88,236.91.158.220,2026-01-08T18:23:00
user80,114.135.221.209,2026-01-18T07:10:00
user51,132.93.58.64,2026-01-01T23:09:00
user63,169.111.126.72,2026-01-01T16:01:00
user2,79.227.205.131,2026-01-26T18:26:00
user9,172.217.58.200,2026-01-01T08:11:00
user40,122.249.176.184,2026-01-30T03:13:00
user88,175.11.0.191,2026-01-12T11:40:00
user55,17.252.118.51,2026-01-28T14:12:00
user18,228.7.0.108,2026-01-19T07:56:00
user42,204.183.51.162,2026-01-22T07:05:00
user14,250.241.74.27,2026-01-06T10:11:00
user21,76.75.247.62,2026-01-27T18:05:00
user67,129.176.161.206,2026-01-21T08:53:00
user68,204.0.175.96,2026-01-06T08:26:00
user74,147.60.54.98,2026-01-18T19:14:00
user85,47.104.186.15,2026-01-22T23:20:00
user45,146.168.2.130,2026-01-28T05:17:00
user24,195.255.107.132,2026-01-30T14:11:00
user90,31.163.217.179,2026-01-22T19:29:00
user53,6.216.123.12,2026-01-09T09:48:00
user55,55.200.238.64,2026-01-27T11:54:00
user66,149.126.210.230,2026-01-23T04:20:00
user22,151.62.46.14,2026-01-25T16:00:00
user11,228.202.234.180,2026-01-10T07:58:00
user51,42.44.177.104,2026-01-07T11:55:00
user94,3.9.26.78,2026-01-16T00:02:00
user99,5.154.4.138,2026-01-02T14:53:00
user21,195.138.247.141,2026-01-20T12:51:00
user8,62.184.237.79,2026-01-26T23:01:00
user31,120.133.19.99,2026-01-26T17:40:00
user21,210.16.222.45,2026-01-12T09:13:00
user13,52.23.6.71,2026-01-01T15:24:00
user97,27.243.56.252,2026-01-27T02:22:00
user55,101.10.104.80,2026-01-09T22:32:00
user67,19.74.157.228,2026-01-28T05:39:00
user80,129.228.247.220,2026-01-12T15:29:00
user67,43.174.217.62,2026-01-03T04:44:00
user72,68.26.136.54,2026-01-25T16:35:00
user97,109.97.12.29,2026-01-21T17:49:00
user100,55.13.87.177,2026-01-16T22:50:00
user12,118.52.170.64,2026-01-14T04:33:00
user53,35.208.157.247,2026-01-07T09:49:00
user82,74.39.26.194,2026-01-07T00:24:00
user90,137.34.98.198,2026-01-11T06:50:00
user2,138.105.120.136,2026-01-16T18:01:00
user31,174.83.143.21,2026-01-08T11:20:00
user46,8.183.164.164,2026-01-16T20:00:00
user30,240.222.55.254,2026-01-03T06:30:00
user29,1.175.140.241,2026-01-04T08:21:00
user53,74.12.7.191,2026-01-10T12:22:00
user88,45.210.227.130,2026-01-10T02:24:00
user94,147.143.41.232,2026-01-24T09:41:00
user73,174.129.44.65,2026-01-25T10:44:00
user14,207.115.90.162,2026-01-19T18:53:00
user92,219.172.16.238,2026-01-01T23:40:00
user62,241.192.104.92,2026-01-19T11:16:00
user60,23.25.85.27,2026-01-03T12:58:00
user82,179.191.159.167,2026-01-14T19:13:00
user2,15.131.239.203,2026-01-13T23:58:00
user50,17.249.78.41,2026-01-20T03:10:00
user95,104.21.248.57,2026-01-09T20:59:00
user27,202.12.233.255,2026-01-24T17:11:00
user31,91.125.62.116,2026-01-08T04:17:00
user10,255.121.121.218,2026-01-19T05:11:00
user32,76.36.30.38,2026-01-26T20:34:00
user78,193.73.36.137,2026-01-06T11:50:00
user44,70.154.62.199,2026-01-01T20:10:00
user34,112.13.206.164,2026-01-30T17:44:00
user7,166.185.124.59,2026-01-15T14:48:00
user75,102.91.201.124,2026-01-10T04:55:00
user91,206.162.63.35,2026-01-22T09:51:00
user91,194.115.247.221,2026-01-19T00:47:00
user43,149.101.139.144,2026-01-18T00:52:00
user23,23.173.158.226,2026-01-21T17:34:00
user35,52.229.150.71,2026-01-17T13:33:00
user95,191.58.110.131,2026-01-29T16:55:00
user73,36.171.215.10,2026-01-26T15:04:00
user82,218.18.108.89,2026-01-06T09:05:00
user97,142.3.227.107,2026-01-27T02:26:00
user63,168.72.166.38,2026-01-29T15:10:00
user43,16.6.112.94,2026-01-09T20:39:00
user85,26.231.35.138,2026-01-11T22:33:00
user64,135.249.126.46,2026-01-09T22:42:00
user35,97.35.11.25,2026-01-20T22:16:00
user14,129.136.4.137,2026-01-05T19:43:00
user15,41.201.234.117,2026-01-27T14:13:00
user87,205.195.103.132,2026-01-15T12:27:00
user31,167.50.97.192,2026-01-30T16:36:00
user31,202.171.57.252,2026-01-15T16:10:00
user70,13.228.253.202,2026-01-19T01:29:00
user37,169.52.216.158,2026-01-27T09:31:00
user31,149.108.31.231,2026-01-10T03:07:00
user47,87.43.21.180,2026-01-13T19:28:00
user33,93.13.204.150,2026-01-23T09:47:00
user50,113.237.179.252,2026-01-23T23:12:00
user6,228.201.38.113,2026-01-23T16:31:00
user31,33.206.240.125,2026-01-14T04:13:00
user29,3.116.166.64,2026-01-28T17:12:00
user26,142.65.56.66,2026-01-07T09:52:00
user57,110.217.159.21,2026-01-22T09:16:00
user15,239.100.157.15,2026-01-09T08:41:00
user10,128.192.76.108,2026-01-26T02:29:00
user68,177.192.182.48,2026-01-07T10:43:00
user55,89.200.106.62,2026-01-06T16:42:00
user25,246.78.11.7,2026-01-18T15:51:00
user48,47.145.102.138,2026-01-06T20:10:00
user72,69.95.145.146,2026-01-05T00:53:00
user88,202.15.231.32,2026-01-27T19:57:00
user90,228.122.155.49,2026-01-28T18:26:00
user2,64.163.217.27,2026-01-01T22:18:00
user74,115.200.93.193,2026-01-11T20:44:00
user70,115.46.70.136,2026-01-25T02:55:00
user66,233.120.203.143,2026-01-23T04:23:00
user34,199.132.94.90,2026-01-09T22:49:00
user100,83.153.185.118,2026-01-07T19:00:00
user15,96.72.55.8,2026-01-11T22:04:00
user5,245.19.84.192,2026-01-28T22:17:00
user22,68.122.200.193,2026-01-01T03:57:00
user31,108.91.46.134,2026-01-06T14:43:00
user7,138.168.188.104,2026-01-23T12:39:00
user83,198.33.112.13,2026-01-29T11:08:00
user60,146.255.67.153,2026-01-05T18:15:00
user20,49.65.50.89,2026-01-04T18:58:00
user3,65.22.109.3,2026-01-29T07:01:00
user55,73.202.43.148,2026-01-13T20:58:00
user31,192.133.130.230,2026-01-12T12:06:00
user25,232.151.191.167,2026-01-14T21:34:00
user82,71.45.0.4,2026-01-27T18:07:00
user98,115.155.64.43,2026-01-26T10:46:00
user77,199.203.151.130,2026-01-03T19:51:00
user22,209.31.107.106,2026-01-12T06:55:00
user29,17.202.105.146,2026-01-22T05:49:00
user40,212.175.226.27,2026-01-30T07:19:00
user55,70.153.36.211,2026-01-24T14:00:00
user22,177.141.0.37,2026-01-15T05:46:00
user51,85.232.202.253,2026-01-15T20:56:00
user56,174.182.73.116,2026-01-05T13:22:00
user32,55.183.75.134,2026-01-27T12:42:00
user83,149.248.205.108,2026-01-04T08:20:00
user75,64.237.187.218,2026-01-14T17:50:00
user8,85.159.29.120,2026-01-18T23:41:00
user34,228.113.46.147,2026-01-06T02:15:00
user65,4.39.176.12,2026-01-10T17:03:00
user72,163.194.148.170,2026-01-18T17:00:00
user72,118.180.234.161,2026-01-26T19:51:00
user37,41.202.20.233,2026-01-09T02:23:00
user78,86.222.221.148,2026-01-27T18:53:00
user68,207.253.107.105,2026-01-15T20:12:00
user42,107.66.244.255,2026-01-12T08:41:00
user54,150.241.86.45,2026-01-23T15:04:00
user100,207.132.5.85,2026-01-29T06:20:00
user99,242.112.129.4,2026-01-13T05:22:00
user10,57.245.249.144,2026-01-08T08:13:00
user78,76.154.83.7,2026-01-04T13:07:00
user92,154.144.249.38,2026-01-23T09:10:00
user54,83.76.19.245,2026-01-29T05:49:00
user2,86.98.187.169,2026-01-02T21:53:00
user89,6.17.117.25,2026-01-04T07:13:00
user91,141.239.52.49,2026-01-09T10:10:00
user100,114.57.90.99,2026-01-17T10:13:00
user41,69.108.122.39,2026-01-15T03:30:00
user74,59.177.17.252,2026-01-17T00:56:00
user66,133.99.251.3,2026-01-25T09:57:00
user83,46.81.89.27,2026-01-29T16:41:00
user84,199.164.141.233,2026-01-19T21:46:00
user93,6.107.250.136,2026-01-20T15:41:00
user82,38.234.40.35,2026-01-04T16:52:00
user5,163.118.28.210,2026-01-10T21:53:00
user72,7.87.227.57,2026-01-01T02:55:00
user38,250.103.39.214,2026-01-08T03:19:00
user19,107.190.48.86,2026-01-26T18:21:00
user41,118.33.1.154,2026-01-17T19:44:00
user57,94.11.23.154,2026-01-20T08:20:00
user92,137.63.230.120,2026-01-30T17:54:00
user63,244.7.216.191,2026-01-26T03:40:00
user82,36.151.85.246,2026-01-13T20:52:00
user34,138.111.237.218,2026-01-27T03:25:00
user69,101.43.161.41,2026-01-17T03:27:00
user70,234.207.0.124,2026-01-20T11:39:00
user70,248.245.56.250,2026-01-08T19:16:00
user92,0.213.132.157,2026-01-21T23:37:00
user22,241.245.127.244,2026-01-04T21:47:00
user91,163.239.224.88,2026-01-19T06:08:00
user70,16.155.76.63,2026-01-08T09:50:00
user26,147.140.180.233,2026-01-19T12:27:00
user61,138.213.43.245,2026-01-06T06:08:00
user12,87.174.250.65,2026-01-24T10:40:00
user56,80.143.222.65,2026-01-09T14:19:00
user1,81.3.91.50,2026-01-16T15:06:00
user4,84.242.24.46,2026-01-16T06:14:00
user19,251.238.227.225,2026-01-27T22:26:00
user29,58.155.215.152,2026-01-29T11:15:00
user48,97.191.141.7,2026-01-02T22:47:00
user12,224.177.18.56,2026-01-26T18:54:00
user100,180.171.227.156,2026-01-09T00:33:00
user21,208.240.241.131,2026-01-11T09:10:00
user58,50.53.110.14,2026-01-06T15:48:00
user75,144.192.25.161,2026-01-12T20:58:00
user36,60.41.191.110,2026-01-06T11:45:00
user98,97.99.135.131,2026-01-06T08:43:00
user81,205.95.187.20,2026-01-26T09:15:00
user35,128.242.206.81,2026-01-14T05:04:00
user27,176.68.75.39,2026-01-26T17:18:00
user27,246.74.8.210,2026-01-28T18:04:00
user89,59.15.169.48,2026-01-01T05:09:00
user65,221.72.126.24,2026-01-28T08:21:00
user98,101.227.75.76,2026-01-14T15:03:00
user9,210.160.83.82,2026-01-30T19:15:00
user90,134.245.103.72,2026-01-26T18:09:00
user53,45.147.224.32,2026-01-23T23:32:00
user64,225.241.220.20,2026-01-03T14:27:00
user73,89.33.100.175,2026-01-21T04:38:00
user13,187.26.30.37,2026-01-04T16:04:00
user54,58.20.244.229,2026-01-07T00:27:00
user17,213.197.158.189,2026-01-05T16:10:00
user44,29.27.182.111,2026-01-13T20:11:00
user47,35.149.221.119,2026-01-28T22:23:00
user50,77.225.182.154,2026-01-01T12:58:00
user85,78.44.13.33,2026-01-23T04:12:00
user50,191.212.121.140,2026-01-11T04:59:00
user28,49.27.236.164,2026-01-22T20:56:00
user8,162.174.30.232,2026-01-26T11:05:00
user55,251.162.224.65,2026-01-03T01:45:00
user23,43.188.72.86,2026-01-11T11:28:00
user6,26.68.17.109,2026-01-07T08:47:00
user80,181.78.159.101,2026-01-16T17:39:00
user49,203.134.134.157,2026-01-28T14:13:00
user16,229.115.89.186,2026-01-29T15:36:00
user37,154.229.255.98,2026-01-11T14:57:00
user51,245.64.172.89,2026-01-19T22:18:00
user44,223.32.144.223,2026-01-29T10:03:00
user44,155.232.133.56,2026-01-27T11:19:00
user22,58.166.234.162,2026-01-11T00:20:00
user39,12.107.104.192,2026-01-21T14:58:00
user1,144.210.108.81,2026-01-11T23:15:00
user58,84.64.34.140,2026-01-20T16:27:00
user37,154.48.15.152,2026-01-20T18:42:00
user72,124.86.249.68,2026-01-24T02:46:00
user83,63.141.60.73,2026-01-19T15:39:00
user10,57.125.56.61,2026-01-23T15:43:00
user83,136.248.29.183,2026-01-02T22:11:00
user74,210.158.113.231,2026-01-30T22:57:00
user10,101.199.83.169,2026-01-06T23:17:00
user17,141.128.45.165,2026-01-28T22:41:00
user99,51.32.66.12,2026-01-15T05:41:00
user15,21.56.249.254,2026-01-19T06:52:00
user55,32.115.199.84,2026-01-09T00:04:00
user36,137.152.45.92,2026-01-09T16:48:00
user79,106.104.177.60,2026-01-08T11:17:00
user4,150.215.134.66,2026-01-16T15:56:00
user8,83.41.117.254,2026-01-27T04:30:00
user100,5.244.152.103,2026-01-25T11:32:00
user56,249.120.169.176,2026-01-25T00:24:00
user9,235.32.122.85,2026-01-12T11:40:00
user41,49.20.181.105,2026-01-01T10:12:00
user49,214.221.41.208,2026-01-04T16:15:00
user95,33.220.202.127,2026-01-26T11:53:00
user3,136.67.187.252,2026-01-16T16:41:00
user95,253.14.227.109,2026-01-29T19:40:00
user32,192.242.16.238,2026-01-06T15:44:00
user100,188.49.76.184,2026-01-02T08:32:00
user23,132.7.36.225,2026-01-01T11:54:00
user90,230.75.8.210,2026-01-08T09:46:00
user76,76.34.253.214,2026-01-16T18:56:00
user44,181.131.235.108,2026-01-13T21:47:00
user84,238.239.14.89,2026-01-26T09:44:00
user32,210.91.24.246,2026-01-23T12:41:00
user62,253.16.115.68,2026-01-19T06:16:00
user9,35.110.196.32,2026-01-30T03:04:00
user59,212.181.21.157,2026-01-11T12:09:00
user68,30.187.36.27,2026-01-17T23:25:00
user46,21.199.110.12,2026-01-16T14:04:00
user67,21.100.164.209,2026-01-13T15:11:00
user70,184.146.160.10,2026-01-02T03:16:00
user37,214.157.167.127,2026-01-24T08:49:00
user72,172.158.8.91,2026-01-05T14:08:00
user47,97.10.227.92,2026-01-04T22:28:00
user89,136.111.129.17,2026-01-24T01:11:00
user69,246.42.110.98,2026-01-21T06:16:00
user85,58.162.123.168,2026-01-22T09:43:00
user43,6.183.222.43,2026-01-26T23:07:00
user81,115.210.208.48,2026-01-28T10:54:00
user33,109.98.182.187,2026-01-01T13:57:00
user49,38.22.32.168,2026-01-14T21:08:00
user46,2.8.82.93,2026-01-17T14:29:00
user60,72.4.151.58,2026-01-15T20:58:00
user36,28.240.109.97,2026-01-06T18:41:00
user86,107.173.85.235,2026-01-22T01:26:00
user49,185.198.48.223,2026-01-30T13:05:00
user12,128.53.179.92,2026-01-13T19:41:00
user33,254.201.22.13,2026-01-06T04:21:00
user30,228.76.110.214,2026-01-11T03:34:00
user83,1.183.135.1,2026-01-29T22:27:00
user19,189.72.191.143,2026-01-14T07:23:00
user4,89.3.27.107,2026-01-22T18:54:00
user100,188.187.67.30,2026-01-19T06:45:00
user67,6.166.97.180,2026-01-21T06:42:00
user17,9.2.79.87,2026-01-13T17:56:00
user53,192.223.142.13,2026-01-15T11:44:00
user83,79.225.53.155,2026-01-07T06:01:00
user70,205.2.44.33,2026-01-26T06:09:00
user54,31.181.214.146,2026-01-02T08:08:00
user24,115.227.235.199,2026-01-16T07:10:00
user85,28.64.195.190,2026-01-24T18:43:00
user59,48.244.236.138,2026-01-22T11:42:00
user17,88.106.164.137,2026-01-08T13:48:00
user56,142.153.83.164,2026-01-14T01:42:00
user48,181.152.239.17,2026-01-21T15:32:00
user59,29.101.186.134,2026-01-10T22:31:00
user77,52.185.250.21,2026-01-14T00:03:00
user60,114.73.213.116,2026-01-02T09:15:00
user26,65.64.42.147,2026-01-09T15:55:00
user95,185.4.53.67,2026-01-11T17:08:00
user43,85.31.61.139,2026-01-10T09:33:00
user51,165.62.12.216,2026-01-07T07:41:00
user90,113.185.7.130,2026-01-02T10:09:00
user43,102.72.203.210,2026-01-22T21:07:00
user19,248.130.232.108,2026-01-01T02:34:00
user21,6.128.182.109,2026-01-29T15:45:00
user82,205.240.98.48,2026-01-25T10:13:00
user26,237.45.170.83,2026-01-11T09:04:00
user31,88.143.131.82,2026-01-01T09:55:00
user30,148.16.139.134,2026-01-15T01:48:00
user24,117.114.217.167,2026-01-16T01:03:00
user85,230.98.33.231,2026-01-01T01:29:00
user2,116.75.144.86,2026-01-21T01:44:00
user67,97.248.253.88,2026-01-27T16:54:00
user99,232.171.6.29,2026-01-25T12:47:00
user58,223.254.57.241,2026-01-21T18:15:00
user57,128.129.126.170,2026-01-29T19:50:00
user47,90.73.244.220,2026-01-27T00:03:00
user39,142.114.116.153,2026-01-03T09:38:00
user50,199.202.213.219,2026-01-04T08:27:00
user61,176.46.0.198,2026-01-06T13:24:00
user95,43.179.229.159,2026-01-09T20:48:00
user71,182.101.254.32,2026-01-18T09:51:00
user34,43.58.159.28,2026-01-23T22:38:00
user99,76.191.177.57,2026-01-14T01:42:00
user85,149.56.151.184,2026-01-13T20:59:00
user21,21.94.60.243,2026-01-24T08:28:00
user72,17.89.15.177,2026-01-11T16:13:00
user92,10.161.252.66,2026-01-21T07:41:00
user92,221.10.18.69,2026-01-23T13:03:00
user13,78.51.124.241,2026-01-29T23:28:00
user41,169.180.253.214,2026-01-04T03:16:00
user88,44.233.236.228,2026-01-08T15:24:00
user3,236.71.245.176,2026-01-25T04:18:00
user1,160.54.39.183,2026-01-01T07:21:00
user96,74.98.233.6,2026-01-14T14:24:00
user99,174.37.120.112,2026-01-09T04:57:00
user75,17.209.76.12,2026-01-16T05:30:00
user7,56.249.221.86,2026-01-17T00:28:00
user25,214.220.236.205,2026-01-09T08:33:00
user47,130.74.214.85,2026-01-26T11:23:00
user20,235.221.196.255,2026-01-22T16:29:00
user4,255.32.91.23,2026-01-09T15:42:00
user90,48.1.100.98,2026-01-10T09:31:00
user24,153.155.241.59,2026-01-06T12:25:00
user54,4.33.102.99,2026-01-28T12:25:00
user36,123.240.235.149,2026-01-06T02:27:00
user40,71.134.23.125,2026-01-09T23:02:00
user90,243.196.233.25,2026-01-20T11:01:00
user55,65.162.43.189,2026-01-07T12:07:00
user54,16.185.190.188,2026-01-22T15:43:00
user66,232.117.183.130,2026-01-21T18:32:00
user26,120.194.108.30,2026-01-18T09:24:00
user15,39.173.148.213,2026-01-25T16:47:00
user43,249.228.126.55,2026-01-23T00:40:00
user41,122.60.248.209,2026-01-06T12:05:00
user98,100.5.107.83,2026-01-09T05:21:00
user35,34.16.14.250,2026-01-06T03:36:00
user52,9.0.119.15,2026-01-18T01:27:00
user43,16.181.215.72,2026-01-29T14:39:00
user55,244.129.4.213,2026-01-27T03:29:00
user17,255.172.198.224,2026-01-14T18:23:00
user95,32.37.129.48,2026-01-27T18:23:00
user16,117.48.255.204,2026-01-29T00:41:00
user36,103.10.80.156,2026-01-05T19:55:00
user53,77.9.61.230,2026-01-08T16:42:00
user88,254.212.244.232,2026-01-30T03:53:00
user59,58.114.180.229,2026-01-06T10:26:00
user58,205.141.53.76,2026-01-08T19:59:00
user27,201.147.186.217,2026-01-06T17:12:00
user97,42.163.242.67,2026-01-15T20:08:00
user34,37.206.81.175,2026-01-16T06:26:00
user70,31.1.61.47,2026-01-09T17:40:00
user45,143.113.197.204,2026-01-17T09:14:00
user27,147.50.97.52,2026-01-29T18:15:00
user24,194.137.218.124,2026-01-28T06:10:00
user36,156.161.99.19,2026-01-03T03:12:00
user4,223.222.207.188,2026-01-16T16:01:00
user88,98.120.160.134,2026-01-25T16:39:00
user66,4.145.81.111,2026-01-06T11:38:00
user1,109.58.29.240,2026-01-10T08:07:00
user81,98.96.14.191,2026-01-03T15:48:00
user36,132.81.24.157,2026-01-18T07:36:00
user11,94.93.210.251,2026-01-25T00:09:00
user13,107.154.227.87,2026-01-21T22:30:00
user76,183.104.165.9,2026-01-14T15:17:00
user77,45.61.89.117,2026-01-06T23:28:00
user44,176.127.44.153,2026-01-14T15:10:00
user79,18.10.14.28,2026-01-09T18:10:00
user37,143.190.174.133,2026-01-30T10:43:00
user63,81.5.179.252,2026-01-14T00:49:00
user64,84.88.130.0,2026-01-11T14:27:00
user6,235.158.119.12,2026-01-14T07:52:00
user88,118.166.194.89,2026-01-09T20:36:00
user81,248.43.145.35,2026-01-15T15:37:00
user82,34.83.93.198,2026-01-26T01:47:00
user9,53.83.231.192,2026-01-15T19:21:00
user70,4.133.167.214,2026-01-30T10:07:00
user7,198.3.53.60,2026-01-30T14:19:00
user58,139.107.58.219,2026-01-21T20:54:00
user17,40.94.164.86,2026-01-24T13:17:00
user98,10.250.222.76,2026-01-25T05:49:00
user68,13.79.47.217,2026-01-10T01:50:00
user13,134.135.25.106,2026-01-29T15:33:00
user19,18.226.53.216,2026-01-08T23:52:00
user28,116.83.147.51,2026-01-04T00:28:00
user34,170.248.153.36,2026-01-16T04:06:00
user81,155.146.56.219,2026-01-19T09:54:00
user21,84.117.196.190,2026-01-06T04:11:00
user44,24.254.213.52,2026-01-11T00:59:00
user29,178.204.33.102,2026-01-11T06:14:00
user46,50.116.188.199,2026-01-29T05:56:00
user52,230.251.76.232,2026-01-21T10:38:00
user92,168.146.3.146,2026-01-22T21:10:00
user88,226.193.6.114,2026-01-19T09:39:00
user80,151.69.235.191,2026-01-05T15:21:00
user18,103.113.251.215,2026-01-18T17:29:00
user49,18.24.222.178,2026-01-13T23:23:00
user100,162.199.120.59,2026-01-11T22:10:00
user99,137.11.252.222,2026-01-14T23:10:00
user72,124.44.155.248,2026-01-12T12:11:00
user25,59.85.4.53,2026-01-08T18:48:00
user80,27.202.67.184,2026-01-15T08:23:00
user5,157.207.217.126,2026-01-27T20:33:00
user95,156.12.19.59,2026-01-07T08:50:00
user58,235.84.137.65,2026-01-11T01:40:00
user69,15.3.200.157,2026-01-29T08:46:00
user76,204.251.145.143,2026-01-26T03:17:00
user45,146.230.102.212,2026-01-07T05:59:00
user45,38.113.229.59,2026-01-11T05:33:00
user85,46.197.130.138,2026-01-22T01:32:00
user45,14.103.159.222,2026-01-05T15:09:00
user36,231.161.148.148,2026-01-10T21:05:00
user20,237.0.189.137,2026-01-07T22:02:00
user38,104.151.84.153,2026-01-19T15:34:00
user93,197.90.140.65,2026-01-16T18:47:00
user78,105.7.63.48,2026-01-03T00:48:00
user40,126.117.85.227,2026-01-18T11:51:00
user77,165.255.241.67,2026-01-30T00:32:00
user42,137.229.125.53,2026-01-01T12:40:00
user60,56.57.255.14,2026-01-24T00:10:00
user16,222.54.91.155,2026-01-06T01:26:00
user79,69.118.45.229,2026-01-22T08:35:00
user56,6.140.131.180,2026-01-14T11:37:00
user50,201.186.211.50,2026-01-13T17:13:00
user39,22.90.118.203,2026-01-08T08:49:00
user33,118.156.185.38,2026-01-03T05:40:00
user8,247.75.230.78,2026-01-14T14:41:00
user7,134.183.107.155,2026-01-02T06:00:00
user14,183.84.11.65,2026-01-03T09:11:00
user68,46.153.165.56,2026-01-02T23:23:00
user52,43.93.199.160,2026-01-16T14:34:00
user44,183.9.243.38,2026-01-27T16:35:00
user72,34.213.29.197,2026-01-23T05:54:00
user14,15.189.76.167,2026-01-10T09:23:00
user49,101.230.80.197,2026-01-04T03:57:00
user37,23.134.136.49,2026-01-16T23:40:00
user55,127.46.36.32,2026-01-07T21:55:00
user29,178.97.4.197,2026-01-16T04:46:00
user43,10.228.16.124,2026-01-15T19:45:00
user91,164.165.210.177,2026-01-04T21:03:00
user66,70.240.127.98,2026-01-01T23:18:00
user48,78.222.203.149,2026-01-01T10:53:00
user49,112.4.105.92,2026-01-13T23:26:00
user61,41.240.69.26,2026-01-30T13:13:00
user1,43.16.63.62,2026-01-11T23:29:00
user87,111.67.128.19,2026-01-07T03:17:00
user77,5.48.84.185,2026-01-11T14:03:00
user27,126.57.51.198,2026-01-15T22:10:00
user61,95.177.14.99,2026-01-23T00:23:00
user46,2.187.90.117,2026-01-12T02:20:00
user24,58.220.71.185,2026-01-12T12:11:00
user25,186.108.104.228,2026-01-27T23:04:00
user36,241.228.26.110,2026-01-08T04:56:00
user92,237.22.171.207,2026-01-18T08:41:00
user11,246.171.73.231,2026-01-08T08:06:00
user7,146.160.35.221,2026-01-14T14:02:00
user11,81.114.230.64,2026-01-30T20:50:00
user47,109.104.111.46,2026-01-22T12:44:00
user78,167.172.141.113,2026-01-25T09:53:00
user91,41.33.72.84,2026-01-29T23:49:00
user35,100.212.92.186,2026-01-04T05:08:00
user78,115.68.192.44,2026-01-28T17:11:00
user70,141.239.14.248,2026-01-12T22:59:00
user80,60.3.126.180,2026-01-01T23:29:00
user99,100.115.159.113,2026-01-21T08:36:00
user84,243.207.143.167,2026-01-13T17:42:00
user6,3.231.53.247,2026-01-22T13:09:00
user64,109.181.50.152,2026-01-15T06:27:00
user93,61.218.215.134,2026-01-06T19:24:00
user84,101.194.74.92,2026-01-25T08:12:00
user100,213.52.202.201,2026-01-18T18:06:00
user34,254.15.185.170,2026-01-06T03:20:00
user84,53.170.19.101,2026-01-28T12:19:00
user11,102.153.217.161,2026-01-07T15:27:00
user41,163.196.31.249,2026-01-26T21:57:00
user53,85.168.3.153,2026-01-14T12:51:00
user90,34.41.106.69,2026-01-17T14:46:00
user85,163.226.143.117,2026-01-14T17:27:00
user93,134.86.233.26,2026-01-10T23:15:00
user94,38.152.167.176,2026-01-14T13:25:00
user67,212.223.162.87,2026-01-06T20:13:00
user84,234.69.35.72,2026-01-19T06:57:00
user92,197.227.103.87,2026-01-19T01:34:00
user100,176.157.129.149,2026-01-01T14:45:00
user8,157.179.56.121,2026-01-22T20:24:00
user54,221.135.212.61,2026-01-15T08:33:00
user65,249.12.201.76,2026-01-22T21:32:00
user35,222.205.57.138,2026-01-30T04:15:00
user99,122.135.96.127,2026-01-23T11:33:00
user70,165.15.156.248,2026-01-24T19:27:00
user31,101.126.255.136,2026-01-19T16:38:00
user65,238.49.223.2,2026-01-02T06:50:00
user18,56.153.30.145,2026-01-06T12:37:00
user34,92.198.34.115,2026-01-29T07:37:00
user22,135.189.132.163,2026-01-17T21:09:00
user21,192.199.77.71,2026-01-06T07:59:00
user74,104.145.198.160,2026-01-23T19:33:00
user40,115.96.24.204,2026-01-21T06:20:00
user2,57.143.179.156,2026-01-26T14:53:00
user29,95.172.22.196,2026-01-22T05:12:00
user66,58.217.156.198,2026-01-05T14:20:00
user66,5.155.28.28,2026-01-03T02:11:00
user84,161.195.235.34,2026-01-18T08:01:00
user76,209.39.151.16,2026-01-14T11:55:00
user56,169.20.161.141,2026-01-21T03:40:00
user84,232.191.31.145,2026-01-03T15:00:00
user42,136.250.102.173,2026-01-27T06:47:00
user90,123.229.135.10,2026-01-01T22:35:00
user85,124.46.218.79,2026-01-09T13:27:00
user64,208.167.118.16,2026-01-01T22:50:00
user31,103.215.246.33,2026-01-09T14:12:00
user96,111.116.26.98,2026-01-11T14:09:00
user92,66.155.168.74,2026-01-09T07:38:00
user45,216.39.130.220,2026-01-28T10:25:00
user80,182.130.43.54,2026-01-02T05:13:00
user100,195.4.199.96,2026-01-06T15:15:00
user2,36.16.114.107,2026-01-03T18:54:00
user43,4.194.166.193,2026-01-30T20:17:00
user5,146.112.239.100,2026-01-10T01:03:00
user55,213.200.153.107,2026-01-14T00:40:00
user16,222.80.125.74,2026-01-06T21:48:00
user73,14.144.189.155,2026-01-07T12:54:00
user62,148.200.107.59,2026-01-24T22:51:00
user11,134.207.62.162,2026-01-30T10:52:00
user1,204.214.208.89,2026-01-04T13:09:00
user19,161.153.249.124,2026-01-15T18:38:00
user16,188.217.125.114,2026-01-10T13:17:00
user94,218.6.29.42,2026-01-07T12:23:00
user61,229.13.57.41,2026-01-29T19:34:00
user62,173.100.87.175,2026-01-21T22:03:00
user84,14.56.140.166,2026-01-15T10:20:00
user19,41.2.83.210,2026-01-04T08:51:00
user14,198.99.20.235,2026-01-16T14:41:00
user70,24.187.238.19,2026-01-04T01:13:00
user11,190.66.36.221,2026-01-07T08:32:00
user96,83.31.83.191,2026-01-18T20:39:00
user17,212.95.122.230,2026-01-13T09:57:00
user1,59.110.185.115,2026-01-21T22:23:00
user30,146.203.195.198,2026-01-07T14:57:00
user80,142.7.95.187,2026-01-08T03:08:00
user13,242.247.210.76,2026-01-13T14:48:00
user14,127.151.184.165,2026-01-17T11:37:00
user61,116.180.160.118,2026-01-19T15:44:00
user93,243.13.138.50,2026-01-13T05:06:00
user29,222.69.121.95,2026-01-17T08:25:00
user52,249.81.149.153,2026-01-17T01:30:00
user79,56.77.72.48,2026-01-04T02:15:00
user62,143.101.146.50,2026-01-04T05:08:00
user63,194.178.253.196,2026-01-17T05:25:00
user42,97.190.205.61,2026-01-03T14:44:00
user82,165.189.19.238,2026-01-04T02:12:00
user63,93.20.231.134,2026-01-20T17:29:00
user63,181.102.140.59,2026-01-15T10:20:00
user42,109.248.177.103,2026-01-23T02:43:00
user10,101.27.252.247,2026-01-02T16:21:00
user99,159.120.15.185,2026-01-23T16:57:00
user74,104.79.128.245,2026-01-05T10:27:00
user65,5.217.11.67,2026-01-01T22:21:00
user14,96.106.227.99,2026-01-08T16:11:00
user35,68.235.167.69,2026-01-29T07:12:00
user34,13.79.168.254,2026-01-07T03:25:00
user55,57.24.60.122,2026-01-17T05:52:00
user34,158.0.61.21,2026-01-30T03:05:00
user20,74.175.208.62,2026-01-22T09:18:00
user35,246.157.202.114,2026-01-12T05:58:00
user80,225.63.82.193,2026-01-25T08:21:00
user57,239.47.202.165,2026-01-03T08:14:00
user25,207.176.44.24,2026-01-21T21:39:00
user83,182.205.210.71,2026-01-07T21:25:00
user50,60.123.153.58,2026-01-11T21:34:00
user14,167.199.250.208,2026-01-21T09:46:00
user76,68.77.8.138,2026-01-29T02:45:00
user63,41.124.69.31,2026-01-04T23:22:00
user36,124.67.18.217,2026-01-23T21:47:00
user1,100.168.53.125,2026-01-13T20:22:00
user92,145.186.32.172,2026-01-24T03:33:00
user73,244.135.150.108,2026-01-01T07:55:00
user35,109.79.242.71,2026-01-26T00:19:00
user95,115.156.110.91,2026-01-10T00:36:00
user99,128.0.160.149,2026-01-25T09:36:00
user4,190.170.84.44,2026-01-02T17:16:00
user87,189.68.170.181,2026-01-04T19:09:00
user93,139.76.17.105,2026-01-10T16:31:00
user17,33.252.152.163,2026-01-29T13:14:00
user27,182.164.30.217,2026-01-16T13:46:00
user32,225.87.167.160,2026-01-23T04:04:00
user18,79.174.249.32,2026-01-04T04:59:00
user44,136.245.34.117,2026-01-04T02:19:00
user57,2.198.185.187,2026-01-02T08:05:00
user64,29.148.67.70,2026-01-22T21:05:00
user23,8.183.62.102,2026-01-15T15:44:00
user4,181.122.52.23,2026-01-12T21:50:00
user94,123.14.92.63,2026-01-09T06:01:00
user60,199.148.192.139,2026-01-17T00:03:00
user29,131.58.52.51,2026-01-30T01:02:00
user41,14.127.127.99,2026-01-09T22:58:00
user45,58.73.25.138,2026-01-05T19:57:00
user36,186.40.230.136,2026-01-18T21:25:00
user94,33.157.7.181,2026-01-09T03:07:00
user85,207.206.243.74,2026-01-20T02:36:00
user70,234.123.108.250,2026-01-19T14:26:00
user8,195.154.238.24,2026-01-15T20:45:00
user68,227.59.84.215,2026-01-22T03:22:00
user95,44.53.218.131,2026-01-23T12:48:00
user47,52.171.40.133,2026-01-19T02:12:00
user56,97.113.77.20,2026-01-24T06:19:00
user11,56.218.42.81,2026-01-08T13:09:00
user97,134.203.70.151,2026-01-26T22:10:00
user63,26.223.9.121,2026-01-03T18:03:00
user28,7.84.76.23,2026-01-11T19:04:00
user95,149.200.159.12,2026-01-17T19:31:00
user31,0.95.180.207,2026-01-13T22:02:00
user95,167.38.131.113,2026-01-29T09:21:00
user96,202.6.118.81,2026-01-09T19:53:00
user65,95.179.27.42,2026-01-09T10:50:00
user44,2.139.224.139,2026-01-08T08:01:00
user39,30.223.72.153,2026-01-27T02:11:00
user35,27.159.83.118,2026-01-13T07:43:00
user70,106.131.63.11,2026-01-13T04:37:00
user49,71.3.155.117,2026-01-05T03:35:00
user45,90.131.32.199,2026-01-04T15:50:00
user81,176.23.131.47,2026-01-01T21:56:00
user81,129.244.55.95,2026-01-14T10:01:00
user71,9.218.240.35,2026-01-13T07:20:00
user97,72.210.208.121,2026-01-26T09:11:00
user29,98.171.153.114,2026-01-27T05:00:00
user3,75.71.252.203,2026-01-13T17:13:00
user45,98.146.158.153,2026-01-24T11:38:00
user66,232.146.1.87,2026-01-06T03:22:00
user33,170.123.237.182,2026-01-03T09:10:00
user62,155.221.238.142,2026-01-27T21:23:00
user2,178.41.212.152,2026-01-04T19:30:00
user12,138.131.91.218,2026-01-28T06:28:00
user8,61.229.107.111,2026-01-04T12:50:00
user51,9.45.104.161,2026-01-08T19:26:00
user32,103.24.91.227,2026-01-23T21:48:00
user40,87.250.179.159,2026-01-02T07:21:00
user5,131.102.200.36,2026-01-17T01:27:00
user59,188.170.12.168,2026-01-12T19:24:00
user34,212.10.229.214,2026-01-26T16:58:00
user39,246.64.113.139,2026-01-26T20:09:00
user6,132.157.200.159,2026-01-07T05:25:00
user56,48.243.48.198,2026-01-28T20:15:00
user73,201.238.7.71,2026-01-29T13:18:00
user33,8.136.7.38,2026-01-16T05:26:00
user48,210.103.174.58,2026-01-08T01:14:00
user95,55.188.206.211,2026-01-21T03:06:00
user39,51.97.17.246,2026-01-27T05:21:00
user3,157.195.165.104,2026-01-22T07:59:00
user59,19.55.60.40,2026-01-10T20:16:00
user41,148.83.85.217,2026-01-12T22:55:00
user93,19.74.139.235,2026-01-18T15:16:00
user37,11.139.251.197,2026-01-30T03:03:00
user54,17.41.136.226,2026-01-20T10:00:00
user33,255.161.63.138,2026-01-28T04:42:00
user51,196.80.108.3,2026-01-03T14:36:00
user9,89.97.1.123,2026-01-29T19:19:00
user74,243.82.60.177,2026-01-29T18:48:00
user62,53.108.15.235,2026-01-01T02:14:00
user24,136.241.200.163,2026-01-23T04:41:00
user28,78.30.146.232,2026-01-21T00:49:00
user4,240.197.244.248,2026-01-07T11:58:00
user25,112.154.179.18,2026-01-12T21:59:00
user90,147.70.217.2,2026-01-09T06:18:00
user58,185.123.112.32,2026-01-03T20:50:00
user50,0.30.23.227,2026-01-27T02:21:00
user59,172.123.223.44,2026-01-25T12:01:00
user49,1.105.108.181,2026-01-22T12:54:00
user97,20.173.240.205,2026-01-24T12:55:00
user90,56.111.85.107,2026-01-15T00:47:00
user27,227.62.187.192,2026-01-21T23:52:00
user80,237.66.200.215,2026-01-25T05:34:00
user13,148.185.195.229,2026-01-03T15:06:00
user1,3.27.239.241,2026-01-05T18:41:00
user12,98.201.64.190,2026-01-21T03:54:00
user36,120.85.160.182,2026-01-17T20:56:00
user41,216.111.19.99,2026-01-03T19:55:00
user89,79.146.173.154,2026-01-08T15:14:00
user80,150.35.190.148,2026-01-29T09:16:00
user23,236.104.206.192,2026-01-10T01:40:00
user12,50.31.9.11,2026-01-22T03:42:00
user36,190.42.65.117,2026-01-23T09:17:00
user47,12.69.101.103,2026-01-02T06:55:00
user24,122.20.145.230,2026-01-26T13:40:00
user67,207.142.75.103,2026-01-04T10:32:00
user89,151.232.196.133,2026-01-05T04:10:00
user21,8.173.4.178,2026-01-30T00:12:00
user15,0.67.4.64,2026-01-21T23:07:00
user38,158.183.222.202,2026-01-01T16:02:00
user32,195.193.43.194,2026-01-20T01:28:00
user82,71.159.133.255,2026-01-02T04:41:00
user92,200.140.9.50,2026-01-23T11:30:00
user98,178.14.148.154,2026-01-10T15:29:00
user46,68.10.86.126,2026-01-02T19:57:00
user22,112.120.52.117,2026-01-30T19:47:00
user16,5.8.114.31,2026-01-28T20:55:00
user25,181.202.230.255,2026-01-01T12:45:00
user49,57.173.30.128,2026-01-23T01:18:00
user20,28.252.75.249,2026-01-05T19:02:00
user33,53.130.239.203,2026-01-12T10:27:00
user54,158.117.198.11,2026-01-25T04:55:00
user11,148.206.215.167,2026-01-24T01:33:00
user68,192.255.38.85,2026-01-21T11:47:00
user32,47.224.80.118,2026-01-24T08:36:00
user81,174.215.114.60,2026-01-13T00:00:00
user58,11.235.153.150,2026-01-03T11:06:00
user66,83.42.84.225,2026-01-19T01:57:00
user5,169.204.109.31,2026-01-14T04:27:00
user89,108.16.17.52,2026-01-03T11:36:00
user8,164.186.98.88,2026-01-24T01:28:00
user52,104.89.75.35,2026-01-20T20:30:00
user22,108.119.116.9,2026-01-21T10:07:00
user7,179.0.172.32,2026-01-17T22:45:00
user34,179.141.168.188,2026-01-26T09:23:00
user76,159.2.202.112,2026-01-06T19:28:00
user93,242.33.15.53,2026-01-03T22:19:00
user60,14.164.191.222,2026-01-27T05:53:00
user78,197.104.41.207,2026-01-16T01:16:00
user37,166.226.126.246,2026-01-06T20:39:00
user79,68.32.246.210,2026-01-03T04:41:00
user71,57.22.142.164,2026-01-22T10:07:00
user45,201.184.20.218,2026-01-09T21:59:00
user27,123.184.172.156,2026-01-09T17:03:00
user25,230.117.39.200,2026-01-01T09:41:00
user13,26.250.53.202,2026-01-03T18:50:00
user32,179.105.57.220,2026-01-21T11:45:00
user42,204.101.19.195,2026-01-13T11:26:00
user94,123.91.236.181,2026-01-10T10:36:00
user76,139.80.44.211,2026-01-21T02:24:00
user73,190.81.71.137,2026-01-11T04:54:00
user72,16.41.254.155,2026-01-19T01:48:00
user3,178.164.23.184,2026-01-25T00:31:00
user41,202.243.62.4,2026-01-02T08:07:00
user12,125.116.250.30,2026-01-12T03:22:00
user97,143.72.29.74,2026-01-06T06:13:00
user28,235.119.177.236,2026-01-13T14:57:00
user31,17.107.9.61,2026-01-21T09:15:00
user50,134.90.18.30,2026-01-02T21:14:00
user44,9.241.241.126,2026-01-22T22:52:00
user95,34.71.199.192,2026-01-30T22:18:00
user99,179.155.153.60,2026-01-13T16:10:00
user89,3.205.110.151,2026-01-10T01:56:00
user25,98.229.59.101,2026-01-17T12:37:00
user50,154.250.57.75,2026-01-13T20:30:00
user21,102.157.130.147,2026-01-22T02:51:00
user26,207.203.138.97,2026-01-11T09:25:00
user64,244.106.119.253,2026-01-15T02:39:00
user98,253.31.184.188,2026-01-29T21:27:00
user66,21.101.93.174,2026-01-08T09:43:00
user68,155.42.131.119,2026-01-17T16:30:00
user58,82.128.27.222,2026-01-08T16:07:00
user37,227.60.195.61,2026-01-28T08:39:00
user73,55.223.27.85,2026-01-19T03:17:00
user72,238.231.37.157,2026-01-11T10:43:00
user37,17.87.134.42,2026-01-05T16:35:00
user58,16.180.1.110,2026-01-25T23:04:00
user18,47.185.218.252,2026-01-23T16:13:00
user54,240.2.135.44,2026-01-29T23:08:00
user25,127.234.162.113,2026-01-29T08:48:00
user58,115.252.161.109,2026-01-05T21:04:00
user56,37.113.212.212,2026-01-16T22:17:00
user54,101.1.43.81,2026-01-11T15:13:00
user99,173.2.186.38,2026-01-12T11:15:00
user99,249.3.160.107,2026-01-01T05:57:00
user53,245.220.184.43,2026-01-01T04:05:00
user33,7.90.115.200,2026-01-19T02:33:00
user95,9.252.107.148,2026-01-07T16:48:00
user15,112.62.42.18,2026-01-26T09:01:00
user46,32.50.109.226,2026-01-29T01:32:00
user56,102.12.29.111,2026-01-13T18:41:00
user7,159.138.52.92,2026-01-19T15:34:00
user43,179.220.201.142,2026-01-03T16:38:00
user76,42.71.16.96,2026-01-10T11:36:00
user48,227.23.184.149,2026-01-02T15:28:00
user5,119.189.70.205,2026-01-05T23:41:00
user62,223.245.107.254,2026-01-19T06:43:00
user66,35.103.226.95,2026-01-14T07:00:00
user62,26.227.83.7,2026-01-30T04:24:00
user3,29.28.104.70,2026-01-23T03:22:00
user2,172.248.218.123,2026-01-14T13:44:00
user82,221.84.144.213,2026-01-08T07:18:00
user77,225.178.52.148,2026-01-02T10:33:00
user25,162.130.98.255,2026-01-21T03:56:00
user39,64.80.194.200,2026-01-25T22:24:00
user85,46.34.152.97,2026-01-02T12:43:00
user71,31.159.91.174,2026-01-22T09:42:00
user41,249.157.152.68,2026-01-07T22:37:00
user18,192.80.132.50,2026-01-15T19:26:00
user43,40.42.239.86,2026-01-03T12:54:00
user41,238.140.154.159,2026-01-25T01:51:00
user14,193.1.90.178,2026-01-13T14:45:00
user23,204.24.15.224,2026-01-01T08:27:00
user58,157.30.145.209,2026-01-02T06:58:00
user6,170.40.212.24,2026-01-27T05:28:00
user36,91.129.141.235,2026-01-15T08:55:00
user99,168.127.228.223,2026-01-17T23:27:00
user69,223.34.57.125,2026-01-05T12:54:00
user51,203.49.151.146,2026-01-06T19:09:00
user76,159.62.215.50,2026-01-28T12:26:00
user20,14.202.209.218,2026-01-09T17:25:00
user97,49.202.242.24,2026-01-21T07:58:00
user38,27.145.68.196,2026-01-25T07:44:00
user39,132.151.185.203,2026-01-30T01:21:00
user10,105.158.235.240,2026-01-01T20:56:00
user75,216.77.76.137,2026-01-03T19:12:00
user3,45.226.250.134,2026-01-26T04:58:00
user81,195.39.31.92,2026-01-16T10:07:00
user18,139.66.38.80,2026-01-16T08:33:00
user91,32.106.214.112,2026-01-24T04:35:00
user2,198.150.84.101,2026-01-07T01:05:00
user4,105.177.7.235,2026-01-04T05:11:00
user11,202.138.118.135,2026-01-24T16:32:00
user19,26.7.147.157,2026-01-11T19:46:00
user41,125.3.165.143,2026-01-12T09:52:00
user2,30.8.20.220,2026-01-17T04:30:00
user76,16.23.28.234,2026-01-19T01:35:00
user25,54.149.253.27,2026-01-25T00:48:00
user60,93.252.21.200,2026-01-17T07:58:00
user14,32.102.84.102,2026-01-25T01:58:00
user72,6.29.60.202,2026-01-27T22:43:00
user48,207.70.104.198,2026-01-02T20:55:00
user27,84.60.105.249,2026-01-02T00:57:00
user80,144.102.78.77,2026-01-23T11:25:00
user7,73.161.206.48,2026-01-21T22:34:00
user93,85.93.171.90,2026-01-09T10:01:00
user21,175.50.54.90,2026-01-22T16:10:00
user93,61.132.78.227,2026-01-04T13:20:00
user86,30.223.39.80,2026-01-23T14:08:00
user75,100.198.70.72,2026-01-01T05:37:00
user59,44.27.67.250,2026-01-30T02:59:00
user85,113.216.214.31,2026-01-24T10:55:00
user44,198.58.137.187,2026-01-02T23:01:00
user74,201.67.87.45,2026-01-09T19:06:00
user97,37.23.118.21,2026-01-09T18:26:00
user74,204.170.57.75,2026-01-02T18:43:00
user42,233.125.23.126,2026-01-06T19:05:00
user75,72.175.168.120,2026-01-07T14:09:00
user61,122.132.188.179,2026-01-09T05:46:00
user34,30.83.221.154,2026-01-01T01:06:00
user48,206.21.99.18,2026-01-25T16:23:00
user8,14.208.236.219,2026-01-13T23:45:00
user25,249.251.19.178,2026-01-12T14:54:00
user33,122.111.193.67,2026-01-18T04:58:00
user13,206.213.83.247,2026-01-21T02:32:00
user66,35.180.250.189,2026-01-21T06:02:00
user73,13.118.203.185,2026-01-14T02:07:00
user86,111.148.94.255,2026-01-12T03:32:00
user75,36.158.182.183,2026-01-13T05:41:00
user88,196.117.190.28,2026-01-27T10:57:00
user57,72.74.154.108,2026-01-29T14:34:00
user97,3.82.92.12,2026-01-23T19:38:00
user27,1.194.2.228,2026-01-04T15:45:00
user75,71.1.104.193,2026-01-30T19:27:00
user39,196.213.162.240,2026-01-05T04:00:00
user97,33.241.237.158,2026-01-13T20:17:00
user91,168.91.11.31,2026-01-15T00:04:00
user82,215.137.177.133,2026-01-16T07:20:00
user1,251.87.138.92,2026-01-01T04:24:00
user51,168.4.52.222,2026-01-29T02:18:00
user8,44.59.97.35,2026-01-29T13:00:00
user50,135.47.87.180,2026-01-09T17:34:00
user21,81.108.91.201,2026-01-18T12:56:00
user47,141.202.100.146,2026-01-04T03:03:00
user20,81.167.96.125,2026-01-07T14:36:00
user65,32.9.19.136,2026-01-25T03:19:00
user35,120.78.72.142,2026-01-29T16:22:00
user2,130.204.47.0,2026-01-20T20:00:00
user45,219.79.155.141,2026-01-30T02:24:00
user89,156.18.115.128,2026-01-02T12:43:00
user92,111.221.185.59,2026-01-06T16:47:00
